link,frame (SW coord sys),mass_kg,com_x_mm,com_y_mm,com_z_mm,ixx,iyy,izz,ixy,ixz,iyz
Baselink,Baselink,2.4416,6.253583518719021,5.130096434665807,32.25109361594866,0.02869224980753026,0.019721803484151874,0.04495906469596811,-0.0003861684662442347,8.807156168055321e-05,0.00010764236869364565
IMUleft,imu left,0.011,0.19367627740990434,0.005815532999844941,-2.0684051628810654,1.3096193644775145e-06,9.033503707567147e-07,1.9299796840144327e-06,-7.408289105044513e-08,-4.076114495650085e-09,-8.831470145451545e-11
IMUright,imuright,0.011,0.19367627740984883,0.005815533000108462,-2.0684051628810654,1.3096193644775145e-06,9.033503707567147e-07,1.929979684014432e-06,-7.408289105044485e-08,-4.076114495649519e-09,-8.831470145367917e-11
Bubleft,Bubleft,0.0768,-16.953676389982324,-0.7107525998303956,1.8178528765622204e-05,6.33998639604995e-05,3.222916034400358e-05,7.305435648138445e-05,-1.9394472852210742e-06,2.288074476592388e-11,-1.959297243573071e-11
Hipleft,Hipleft,0.3424,-0.1561770959893333,2.7605408885903495,-33.02119498716018,0.00042339291548577267,0.00035247997960850667,0.00012842851226399707,1.1338212958733981e-07,4.662901246806921e-07,2.591870847828811e-05
Rotate_left,Nhat_rotate_left,0.10580000000000002,-3.972153893941484,-3.7180354295204745e-06,-34.61813805673448,9.981524359561535e-05,0.00015018802609975668,8.966829133185108e-05,3.0689180686312295e-11,3.5788847574487456e-06,-8.93585589619541e-12
Kneeleft,Kneeleft,0.3481,-0.07472288557298261,0.1202639431158926,-65.52991144656278,0.001694645494308245,0.0016204003807582113,0.0001413504585539261,-2.0518916675629785e-08,-2.23447185662917e-06,-1.3516657109120808e-05
Footleft,Footleft,0.2166,40.00650575461659,18.28876396183221,-41.74217071537087,0.000277403319370805,0.0003871041254822294,0.0004790487938040547,-5.669118354037732e-05,-2.3088483373330424e-07,6.608179737389756e-05
Bubright,Bubright,0.0768,-16.953676389982185,0.7107525998306965,-1.817852909868911e-05,6.339986396049948e-05,3.222916034400359e-05,7.305435648138447e-05,1.9394472852210747e-06,-2.2880744766171786e-11,-1.9592972440690637e-11
Hipright,Hipright,0.3424,-3.2225530257709027,-2.682446790149423,-25.177518870522345,0.00038867956344526365,0.00033748515363628517,0.00014840760695488246,2.4903127576806114e-06,1.905455555517156e-05,-3.1755119036946705e-05
Rotate_right,Nhat_rotate_right,0.10580000000000002,3.9721538939425165,3.718035601618652e-06,-34.61813805673574,9.98152435956153e-05,0.00015018802609975668,8.966829133185111e-05,3.068918071374581e-11,-3.578884757448745e-06,8.935855894246315e-12
Kneeright,Kneeright,0.3481,0.0747228855730585,-0.19948556596000036,-65.52991144656401,0.0016945938630341742,0.0016204003807582113,0.00014129882727985518,-1.4306362667070344e-08,2.234471856633517e-06,1.0437173113836819e-05
Footright,Footright,0.2166,40.00650575461573,19.507278849714677,-41.63402220415788,0.0002866850670412217,0.0003877842529454059,0.0004876504140112953,-5.9614661690579054e-05,6.146298128678226e-08,6.991251570014511e-05
